{
  "random_forest": {
    "accuracy": 0.8086666666666666,
    "precision": 0.5857461024498887,
    "recall": 0.7225274725274725,
    "roc_auc": 0.7793975390806376,
    "f1": 0.6469864698646987,
    "confusion_matrix": [
      [
        1900,
        372
      ],
      [
        202,
        526
      ]
    ],
    "classification_report": {
      "0": {
        "precision": 0.9039010466222646,
        "recall": 0.8362676056338029,
        "f1-score": 0.8687700045724737,
        "support": 2272.0
      },
      "1": {
        "precision": 0.5857461024498887,
        "recall": 0.7225274725274725,
        "f1-score": 0.6469864698646987,
        "support": 728.0
      },
      "accuracy": 0.8086666666666666,
      "macro avg": {
        "precision": 0.7448235745360766,
        "recall": 0.7793975390806377,
        "f1-score": 0.7578782372185862,
        "support": 3000.0
      },
      "weighted avg": {
        "precision": 0.8266954468364347,
        "recall": 0.8086666666666666,
        "f1-score": 0.8149505334833869,
        "support": 3000.0
      }
    }
  },
  "xgboost": {
    "accuracy": 0.7996666666666666,
    "precision": 0.5651282051282052,
    "recall": 0.7568681318681318,
    "roc_auc": 0.7851242067791364,
    "f1": 0.6470933646506165,
    "confusion_matrix": [
      [
        1848,
        424
      ],
      [
        177,
        551
      ]
    ],
    "classification_report": {
      "0": {
        "precision": 0.9125925925925926,
        "recall": 0.8133802816901409,
        "f1-score": 0.8601349778915522,
        "support": 2272.0
      },
      "1": {
        "precision": 0.5651282051282052,
        "recall": 0.7568681318681318,
        "f1-score": 0.6470933646506165,
        "support": 728.0
      },
      "accuracy": 0.7996666666666666,
      "macro avg": {
        "precision": 0.7388603988603989,
        "recall": 0.7851242067791364,
        "f1-score": 0.7536141712710844,
        "support": 3000.0
      },
      "weighted avg": {
        "precision": 0.8282745679012347,
        "recall": 0.7996666666666666,
        "f1-score": 0.8084368797450852,
        "support": 3000.0
      }
    }
  },
  "neural_network": {
    "accuracy": 0.8256666666666667,
    "precision": 0.6688632619439868,
    "recall": 0.5576923076923077,
    "roc_auc": 0.7346119989165765,
    "f1": 0.6082397003745318,
    "confusion_matrix": [
      [
        2071,
        201
      ],
      [
        322,
        406
      ]
    ],
    "classification_report": {
      "0": {
        "precision": 0.8654408692018387,
        "recall": 0.9115316901408451,
        "f1-score": 0.8878885316184352,
        "support": 2272.0
      },
      "1": {
        "precision": 0.6688632619439868,
        "recall": 0.5576923076923077,
        "f1-score": 0.6082397003745318,
        "support": 728.0
      },
      "accuracy": 0.8256666666666667,
      "macro avg": {
        "precision": 0.7671520655729127,
        "recall": 0.7346119989165765,
        "f1-score": 0.7480641159964835,
        "support": 3000.0
      },
      "weighted avg": {
        "precision": 0.8177380365072666,
        "recall": 0.8256666666666667,
        "f1-score": 0.820027081903248,
        "support": 3000.0
      }
    }
  }
}